mutation;Fragmented;Clustered;Filamentous;Net-like;Enlarged;tubulation activity;fragmented in KO;filamentous in KO
marfKO;100;0;0;0;0;0.583018182;66.83937824;6.21761658
control;57.89473684;0;100;0;0;1.210141129;41.28256513;29.25851703
marfWT;12.5;25;100;87.5;0;1.309866511;37.70491803;31.61592506
L92P-like;0;100;85.71428571;42.85714286;0;0.721330769;59.77011494;9.961685824
R94W-like;100;100;0;0;0;0.892705422;55.2;19.2
R104W-like;100;100;22.22222222;0;0;0.863278903;54.28571429;17.46031746
H128R-like;100;100;25;0;0;0.823144829;51.36986301;15.58219178
D214N-like;0;26.08695652;95.65217391;60.86956522;39.13043478;1.19212037;35.94470046;25.34562212
L248V-like;61.11111111;100;61.11111111;0;0;1.026772563;51.79856115;18.34532374
R250Q-like;22.22222222;0;100;33.33333333;0;1.071176849;42.62820513;25.64102564
R259L-like;0;100;100;55.55555556;0;0.996969977;44.47004608;20.50691244
K357N-like;0;33.33333333;100;11.11111111;88.88888889;1.310638554;44.31137725;31.73652695
H361Y-like;14.28571429;100;100;42.85714286;14.28571429;0.872460317;50.90497738;15.61085973
R364W-like;7.692307692;46.15384615;92.30769231;0;76.92307692;1.331844;39.44223108;30.67729084
R400P-like;0;100;100;30.76923077;7.692307692;0.634287149;62.9258517;6.613226453
W740S-like;0;30.76923077;100;46.15384615;84.61538462;1.333042813;40.85365854;29.26829268
L745P-like;66.66666667;0;100;0;0;0.751610429;59.02140673;11.9266055
